id;nom;prenom;date_naissance
1;Optimized Borders Multi-tiered;74213;2020-07-03T14:23:03
2;synergize Personal Loan Account;39191;2020-07-04T09:25:11
3;Bulgarian Lev Eritrea Georgia;24937;2020-07-03T14:08:49
4;Shirt vertical iterate;54208;2020-07-04T03:42:04
5;Directives;5199;2020-07-04T08:02:02
6;Orchestrator Oregon;37057;2020-07-04T06:42:31
7;high-level Creative Berkshire;49912;2020-07-04T05:07:49
8;Fish synergies;33801;2020-07-03T12:59:39
9;auxiliary open-source Rand Namibia Dollar;92956;2020-07-04T05:57:16
10;payment magenta;41987;2020-07-04T06:37:20
